rank,thread_id,createdAt_iso,url,reactionCount,commentCount,shareCount,text_snippet
1,thread_1351799892257906,2023-11-08T23:58:12Z,https://www.facebook.com/groups/uncagedcliniciangroup/permalink/1351799892257906/,34,574,0,"Our Wellness / Health Coaching consent form has been popular. Who would like a copy? Comment ""Me"""
2,thread_1181834305921133,2023-02-13T23:17:33Z,https://www.facebook.com/groups/uncagedcliniciangroup/permalink/1181834305921133/,116,422,0,A lot of people have been asking for a WELLNESS/COACHING Consent Form. Who wants a copy?
3,thread_1661138187990740,2025-02-07T02:03:57Z,https://www.facebook.com/groups/uncagedcliniciangroup/permalink/1661138187990740/,402,228,0,"After 30 + years ‚Äúdoing‚Äù physical therapy here in Phoenix and Scottsdale, including the past 11 yrs and 8 months of my own mobile practice, this was me leaving my final client in Arizona! Been a go..."
4,thread_1266370220800874,2023-06-21T15:25:20Z,https://www.facebook.com/groups/uncagedcliniciangroup/permalink/1266370220800874/,34,318,0,We updated our new practice owner 10-Step Checklist to give you more help as a new biz owner. Want it? ‚¨áÔ∏è
5,thread_1373710540066841,2023-12-15T19:43:45Z,https://www.facebook.com/groups/uncagedcliniciangroup/permalink/1373710540066841/,90,260,0,Who in here is FULLY Uncaged? üëá(No longer dependent on another job for income) We are curious and have something cooking üç≥that we believe you are going to love!
6,thread_1321801021924460,2023-09-21T11:04:19Z,https://www.facebook.com/groups/uncagedcliniciangroup/permalink/1321801021924460/,468,54,0,"13‚Ä¶ I have 13 patients scheduled. It has taken 3 solid years of highs and lows, second guessing myself on this journey, and wondering if I made the right move. But 3 years and I hit my target goal ..."
7,thread_1156866198417944,2023-01-12T00:53:16Z,https://www.facebook.com/groups/uncagedcliniciangroup/permalink/1156866198417944/,384,78,0,"Idk why but this became a place I feel safe to celebrate financial wins. I‚Äôm excited!, I do feel like a money launderer (the good kind) that redistributed my income Lol. I need a budgeting class‚Ä¶ 2..."
8,thread_1522427331861827,2024-08-01T13:21:08Z,https://www.facebook.com/groups/uncagedcliniciangroup/permalink/1522427331861827/,470,32,0,"Hi Everyone. A while back I asked for prayers for my 23 weeker twins. Not sure who will see this post, but just wanted to update the group with this recent photo of them. They are hitting most mile..."
9,thread_1317677879003441,2023-09-14T21:30:11Z,https://www.facebook.com/groups/uncagedcliniciangroup/permalink/1317677879003441/,292,94,0,"NO BRAIN BLEEDS FOR EITHER GIRL!!!!!!! THANK YOU PRAYER WARRIORS!!!! Hi Uncaged Clinicians. Not sure if this is allowed, but we are asking for prayers for our twin girls born last week at 23 weeks...."
10,thread_1338846913553204,2023-10-18T17:30:46Z,https://www.facebook.com/groups/uncagedcliniciangroup/permalink/1338846913553204/,37,214,0,I wrote a book üìï in 2019 that lays out exactly how I grew my cash concierge practice in Denver‚Ä¶ Want the PDF version for free? ‚¨áÔ∏è
11,thread_1905862513518305,2025-11-23T17:13:45Z,https://www.facebook.com/groups/uncagedcliniciangroup/permalink/1905862513518305/,177,136,0,**There‚Äôs been a lot of ‚Äúnoise‚Äù lately about physical therapy no longer being labeled a ‚Äúprofessional‚Äù degree by the Department of Education.** Here‚Äôs the reality: **the public doesn‚Äôt care‚Äîand hon...
12,thread_1275519943219235,2023-07-05T20:21:48Z,https://www.facebook.com/groups/uncagedcliniciangroup/permalink/1275519943219235/,58,191,0,We recorded a 15-minute podcast that will help you to sell your cash based services without feeling salesy. Want it?
13,thread_1215364245901472,2023-04-04T01:18:46Z,https://www.facebook.com/groups/uncagedcliniciangroup/permalink/1215364245901472/,332,51,0,For those who haven‚Äôt jumped ship. Today when I woke I realized my cat was not well (12.5 months of guessing ‚Ä¶ on meds off meds ..ups and downs). I held him all morning. He had an accident on me. I...
14,thread_1134700637301167,2022-12-15T20:26:18Z,https://www.facebook.com/groups/uncagedcliniciangroup/permalink/1134700637301167/,29,189,0,"HUGE OPPORTUNITY COMING ""Uncaged Clinician has the potential to help unite the profession"" We hear this all the time. People looking for connection, community, resources, collaboration, etc. that t..."
15,thread_1127192501385314,2022-12-07T17:48:17Z,https://www.facebook.com/groups/uncagedcliniciangroup/permalink/1127192501385314/,19,191,0,What‚Äôs your favorite skill or certification you‚Äôve obtained that you use a ton in your practice?
16,thread_1789895861781638,2025-07-14T16:19:44Z,https://www.facebook.com/groups/uncagedcliniciangroup/permalink/1789895861781638/,115,141,0,"This is a random question, but is anyone hiring a remote person with PT background? Some of you may remember me as I asked for prayer after my 23 weeker twins were born in 2023. They are doing so w..."
17,thread_1662333344537891,2025-02-08T17:22:16Z,https://www.facebook.com/groups/uncagedcliniciangroup/permalink/1662333344537891/,16,181,0,"Hi there! Are you a member of APTA? Why or why not? Thanks! (Full disclosure, I am on the MN APTA board and talking to national APTA to learn why people are not members and how APTA can support the..."
18,thread_1455884431849451,2024-04-23T00:31:04Z,https://www.facebook.com/groups/uncagedcliniciangroup/permalink/1455884431849451/,61,147,0,Just found out our local community college has a capacity of 32 for PTA program. Currently currently enrolled? Nine. (9)
19,thread_1449925009112060,2024-04-13T16:22:24Z,https://www.facebook.com/groups/uncagedcliniciangroup/permalink/1449925009112060/,83,135,0,I‚Äôm at my daughter‚Äôs track meet. Stretch lab is packed and the physical therapy company is empty. #ZoomIn
20,thread_1225791681525395,2023-04-20T15:13:26Z,https://www.facebook.com/groups/uncagedcliniciangroup/permalink/1225791681525395/,106,120,0,"PSA - Something to think about when you are wanting to hire a therapist. I'm going to share this comment I made on a job posting on this page. I am not looking for a job, but I was reading the desc..."
21,thread_1072359416868623,2022-10-04T22:09:17Z,https://www.facebook.com/groups/uncagedcliniciangroup/permalink/1072359416868623/,279,21,0,"I paid myself a bonus today. I‚Äôve been working my ass off, going at 100% and finally achieved my goal for a minimum in my bank account ( I‚Äôm 2 years old). The bonus was only $1000 but the most I‚Äôve..."
22,thread_1614528389318387,2024-12-04T17:47:27Z,https://www.facebook.com/groups/uncagedcliniciangroup/permalink/1614528389318387/,126,97,0,"Hi team! Sooo‚Ä¶I need a little bit of help from you all! We are hiring! As many of you know. My company provides mobile and in clinic PT, OT and massage therapy services. We have grown and continue ..."
23,thread_1711623849608840,2025-04-08T14:41:15Z,https://www.facebook.com/groups/uncagedcliniciangroup/permalink/1711623849608840/,27,144,0,Hey all - I want to introduce to you Bryan M. Laughery. He is a friend and business partner of mine who has a unique opportunity for us all that could make us some extra cash on the side. He is wor...
24,thread_1758273261610565,2025-06-05T20:46:54Z,https://www.facebook.com/groups/uncagedcliniciangroup/permalink/1758273261610565/,251,31,0,Life choices lol
25,thread_1037371593700739,2022-08-22T00:24:27Z,https://www.facebook.com/groups/uncagedcliniciangroup/permalink/1037371593700739/,266,21,0,Story: I just booked a two week trip for Alaska June 23. Point of my story: Feels so good not to have to ask anyone permission. The End üòä
26,thread_1915540072550549,2025-12-05T22:48:51Z,https://www.facebook.com/groups/uncagedcliniciangroup/permalink/1915540072550549/,53,120,0,"I've seen a lot of concern about us losing the title ""professional"". The absolute lowest bar of acting like a professional is being a member of your professional organization. APTA is all over this..."
27,thread_1921017248669498,2025-12-12T20:41:29Z,https://www.facebook.com/groups/uncagedcliniciangroup/permalink/1921017248669498/,52,118,0,Any Christian guys in healthcare who are also into investing or entrepreneurship? Would love to connect‚Äîit‚Äôs surprisingly hard to find this combo.
28,thread_1292644671506762,2023-08-03T13:11:26Z,https://www.facebook.com/groups/uncagedcliniciangroup/permalink/1292644671506762/,17,130,0,Just for fun my friends. What could you give a 40-minute presentation on with absolutely no preparation?
29,thread_1815274985910392,2025-08-13T21:55:30Z,https://www.facebook.com/groups/uncagedcliniciangroup/permalink/1815274985910392/,156,60,0,A group that‚Äôs getting stuff done!!!! no excuses. Let‚Äôs go!!!! üî•üî•üî•üî•
30,thread_1433028657468362,2024-03-18T16:54:20Z,https://www.facebook.com/groups/uncagedcliniciangroup/permalink/1433028657468362/,35,116,0,"Would anyone be interested in a training around the ""hydrogen"" water that's being taken over by social media (Gary Breka, Joe Rogan, etc). I was asked to speak on it for another setting and since I..."
31,thread_1297559081015321,2023-08-11T15:17:42Z,https://www.facebook.com/groups/uncagedcliniciangroup/permalink/1297559081015321/,11,126,0,What have you done this week that you are most proud of?!
32,thread_1433229660781595,2024-03-19T01:08:06Z,https://www.facebook.com/groups/uncagedcliniciangroup/permalink/1433229660781595/,7,127,0,"Not sure where else to ask this question, but if someone is a DPT‚Ä¶(I am not) is it legal to just put PT after your name where required? Found out a hospital system is forcing DPTs to drop the D."
33,thread_1184647118973185,2023-02-17T15:26:59Z,https://www.facebook.com/groups/uncagedcliniciangroup/permalink/1184647118973185/,96,82,0,"IT‚ÄôS FRRRRIDAY!!! ü•≥ KICK IT UP A NOTCH!! üí™üï∫ This is for you, Ray Berardinelli!! üëäü§£"
34,thread_1039858006785431,2022-08-25T14:09:31Z,https://www.facebook.com/groups/uncagedcliniciangroup/permalink/1039858006785431/,180,40,0,How to properly set your ‚Äúcash‚Äù price to reach your practice goals! This was a comment made on a post that seemed to be helpful to others so I will share in more detail here: I don‚Äôt think it‚Äôs hel...
35,thread_972755196829046,2022-05-22T17:02:00Z,https://www.facebook.com/groups/uncagedcliniciangroup/permalink/972755196829046/,211,24,0,"A friend posted this today in our Leaders Network & I loved it * You graduate college with 100k in debt, people clap and cheer for you. You get married and spend between 5-50k for one day, people w..."
36,thread_1296230347814861,2023-08-09T11:30:14Z,https://www.facebook.com/groups/uncagedcliniciangroup/permalink/1296230347814861/,20,119,0,"For those charging over $200, do you have like, a special niche or group that you market to or would you say you do traditional PT? I'm just starting and I'm having trouble even saying I charge $17..."
37,thread_1061600087944556,2022-09-22T20:13:24Z,https://www.facebook.com/groups/uncagedcliniciangroup/permalink/1061600087944556/,87,85,0,c'mon APTA!! step up and protect our profession from this false advertising!!
38,thread_1216223822482181,2023-04-05T12:03:20Z,https://www.facebook.com/groups/uncagedcliniciangroup/permalink/1216223822482181/,228,10,0,"Reminder to all! This group is different. We uphold a different standard. We love, serve, care, and lead each other. You can have differing opinions without insulting the other person. Carry on."
39,thread_1566347777469782,2024-10-01T15:46:34Z,https://www.facebook.com/groups/uncagedcliniciangroup/permalink/1566347777469782/,54,96,0,When was the last time Medicare has increased reimbursement for PT
40,thread_1252518188852744,2023-05-31T15:52:44Z,https://www.facebook.com/groups/uncagedcliniciangroup/permalink/1252518188852744/,42,102,0,I'm curious... How many of you are brand new business owners? üëá
41,thread_1322487758522453,2023-09-22T15:16:12Z,https://www.facebook.com/groups/uncagedcliniciangroup/permalink/1322487758522453/,175,33,0,"Just wanted to share a little success. I started my mobile cash based practice as a side gig at the end of July. Still have a full time job in home health but squeeze in what I can, where I can, wh..."
42,thread_1073127310125167,2022-10-05T17:58:53Z,https://www.facebook.com/groups/uncagedcliniciangroup/permalink/1073127310125167/,22,109,0,Has anyone on here officially switched to performing 100% wellness and/or personal training services? I've heard of PTs who have let their license lapse to do this so they weren't so restricted doi...
43,thread_1746407819463776,2025-05-21T21:41:51Z,https://www.facebook.com/groups/uncagedcliniciangroup/permalink/1746407819463776/,12,113,0,"I know none of us is a radiologist, but can anyone take a look at this and confirm or deny what I‚Äôm seeing? This is my husbands most recent lumbar MRI. He‚Äôs been dealing with moderate to debilitati..."
44,thread_1333037697467459,2023-10-09T19:26:49Z,https://www.facebook.com/groups/uncagedcliniciangroup/permalink/1333037697467459/,6,116,0,Who has worked for ATI? would you be willing to give the inside scoop on the company and your experience? Feel free to PM me. I‚Äôm moving to Dallas area and don‚Äôt want to start a fresh company right...
45,thread_1771999283571296,2025-06-22T21:58:54Z,https://www.facebook.com/groups/uncagedcliniciangroup/permalink/1771999283571296/,130,51,0,"Guess what!!! It‚Äôs my turn to say now, I am finally Uncaged! I have way to go but it already feels so good! I have just made this flyer as an announcement! Pls give your feedback. Any tips for mark..."
46,thread_1440776423360252,2024-03-30T13:20:59Z,https://www.facebook.com/groups/uncagedcliniciangroup/permalink/1440776423360252/,24,103,0,What has been the best thing you have done to get clients and what has been the biggest waste of time?
47,thread_1109015399869691,2022-11-15T16:52:32Z,https://www.facebook.com/groups/uncagedcliniciangroup/permalink/1109015399869691/,4,112,0,Hi ! Need PT opinions - I‚Äôm a PT ( but not ortho!) I have a friend who fell running 10/23 - R thigh hematoma Went to surgeon who decided against draining 2/2 infection risk - Today 11/15- measureme...
48,thread_1809074909863733,2025-08-06T16:25:26Z,https://www.facebook.com/groups/uncagedcliniciangroup/permalink/1809074909863733/,193,17,0,"Being Uncaged might mean less money in your pocket (it does for me anyway), but it also means that when camp cancels the last week of summer I can juggle my schedule. Today, it means beach in the m..."
49,thread_1880572939380596,2025-10-26T02:25:24Z,https://www.facebook.com/groups/uncagedcliniciangroup/permalink/1880572939380596/,29,97,0,I have an employee who is planning to start her own clinic and take some of our patients with her. I was trying to be chill about it as it is a neuro caseload and our bread and butter is hand thera...
50,thread_1470406703730557,2024-05-14T20:41:19Z,https://www.facebook.com/groups/uncagedcliniciangroup/permalink/1470406703730557/,148,37,0,"A little pat on my own back: As of June 1, I will have had my brick and mortar wellness studio open for 1.5 yrs. It's just me in there about 99% of the time. Last year, I averaged 36 visits/month. ..."
51,thread_1313967306041165,2023-09-08T22:52:45Z,https://www.facebook.com/groups/uncagedcliniciangroup/permalink/1313967306041165/,79,71,0,"Curious what others think‚Ä¶I believe that timed billing codes is one of the worst things for our profession, and we are basically the only profession that has them. It diminishes our value, and dict..."
52,thread_1481986712572556,2024-06-01T01:13:37Z,https://www.facebook.com/groups/uncagedcliniciangroup/permalink/1481986712572556/,147,36,0,"I'm excited to announce our 3rd Brick and Mortar GeriHab Physical Therapy and Wellness in Kingsport, TN Led by our amazing Clinic Director Dr. K.C. Ogbonnaya If I can do it. And if she can do it. S..."
53,thread_1664599264311299,2025-02-11T22:35:54Z,https://www.facebook.com/groups/uncagedcliniciangroup/permalink/1664599264311299/,18,100,0,What‚Äôs the best way to let this person know they can‚Äôt advertise ‚Äúphysical therapy services‚Äù without being a PT? And really that physical therapy is a profession and not a service‚Ä¶
54,thread_1411817329589495,2024-02-12T23:39:19Z,https://www.facebook.com/groups/uncagedcliniciangroup/permalink/1411817329589495/,1,108,0,"PTs- thoughts on becoming an APTA member? I've heard mixed thoughts and wondering if it worth it. If so, what other dues (chapters) did feel was worth paying for in addition to membership and your ..."
55,thread_1228541431250420,2023-04-24T21:56:04Z,https://www.facebook.com/groups/uncagedcliniciangroup/permalink/1228541431250420/,189,14,0,"I only post these things not to brag because my success has been minimal compared to most, but it‚Äôs just so I can hopefully help other people drop the imposter syndrome that I was holding onto for ..."
56,thread_990879208349978,2022-06-17T19:19:48Z,https://www.facebook.com/groups/uncagedcliniciangroup/permalink/990879208349978/,172,22,0,"Getting the practice going has been extremely stressful, but I just got one hell of a motivator from my first reimbursement from BCBS-UT. They paid me $241 for 1 eval of 5 units, 1 untimed eval cod..."
57,thread_1251437732294123,2023-05-30T01:04:48Z,https://www.facebook.com/groups/uncagedcliniciangroup/permalink/1251437732294123/,7,104,0,"Seeking advice on what to wear as a female, mobile PT. I am a mobile PT. I wear a logo'd t-shirt, jogger (poly/spandex blend / not sweat) pants, and clean/nice tennis shoes when I see clients and w..."
58,thread_1206662886771608,2023-03-21T01:46:44Z,https://www.facebook.com/groups/uncagedcliniciangroup/permalink/1206662886771608/,187,14,0,New patient call: ‚ÄúHow did you hear about us‚Äù? ‚ÄúI was at the casino and I couldnt stand up from my chair and one of your PTs helped me up and gave me a card‚Äù
59,thread_1791760264928531,2025-07-16T23:37:11Z,https://www.facebook.com/groups/uncagedcliniciangroup/permalink/1791760264928531/,7,101,0,One of our PT‚Äôs transitioned to a 40 minute work schedule. He is having trouble finishing his notes at work and is having to do notes at home on weekends for 1-2 hours every weekend. I offered to a...
60,thread_1467639764007251,2024-05-10T16:38:08Z,https://www.facebook.com/groups/uncagedcliniciangroup/permalink/1467639764007251/,184,12,0,
61,thread_1276988706405692,2023-07-07T22:45:50Z,https://www.facebook.com/groups/uncagedcliniciangroup/permalink/1276988706405692/,163,22,0,I inspired my 16 y/o patient to start a business. He and friend started TODAY!! Home Window washing!! They worked 10-3:30 and each NET $240!!!!!! üî•üî•üî•üî•üî•
62,thread_1210223223082241,2023-03-26T16:56:50Z,https://www.facebook.com/groups/uncagedcliniciangroup/permalink/1210223223082241/,51,78,0,Hey guys! I have been growing an online running coaching business and I have athletes all over the US. The focus is on a lot of distance running so clearly aches and pains often pop up. I'd love to...
63,thread_1572498063521420,2024-10-09T14:54:56Z,https://www.facebook.com/groups/uncagedcliniciangroup/permalink/1572498063521420/,35,85,0,Why‚Äôs it so hard to get a signed POC returned?!
64,thread_1394753484629213,2024-01-18T11:59:53Z,https://www.facebook.com/groups/uncagedcliniciangroup/permalink/1394753484629213/,42,81,0,anyone have any luck getting Google to take down reviews that you've flagged or reported? ü•≤She brought down my five star averageü§¨
65,thread_1109730383131526,2022-11-16T13:14:03Z,https://www.facebook.com/groups/uncagedcliniciangroup/permalink/1109730383131526/,98,52,0,Built my ‚Äúbrick and mortar‚Äù out of my garage. I call It my she shack clinic. Pictures below. Best pricing/quality on some equipment for just starting off???? Any adviceÔøº???? Do you see anything I a...
66,thread_973645306740035,2022-05-24T00:53:18Z,https://www.facebook.com/groups/uncagedcliniciangroup/permalink/973645306740035/,40,81,0,"Special Guest, Chelsea Smith, shares her secrets of how she has built a successful practice using OUT OF NETWORK Billing! I'm going live using StreamYard! Before leaving a comment, please grant Str..."
67,thread_1845298112908079,2025-09-18T02:03:47Z,https://www.facebook.com/groups/uncagedcliniciangroup/permalink/1845298112908079/,165,18,0,I know there are plenty of people out there That will tell you that they could help your outpatient business. They can double the amount of evaluations you have in a month ‚Ä¶.but let me tell you wha...
68,thread_1349290445842184,2023-11-04T17:07:23Z,https://www.facebook.com/groups/uncagedcliniciangroup/permalink/1349290445842184/,123,39,0,Just wanted to give a boost of confidence for people on the ledge. I just celebrated my 1st year as a privately owned clinic. I ran the numbers and I treated 2605 appointments over the past 12 mont...
69,thread_1213926099378620,2023-04-01T15:03:55Z,https://www.facebook.com/groups/uncagedcliniciangroup/permalink/1213926099378620/,40,80,0,Give me all of your tax write-offs that I may not be thinking of. Learned just the other day we can write off our CC processing fees. Wish I knew that for the past 5 years üò£
70,thread_1417643395673555,2024-02-22T12:00:49Z,https://www.facebook.com/groups/uncagedcliniciangroup/permalink/1417643395673555/,15,91,0,What extra certifications do you all have that you have found compliments your traditional PT services? Personal training? Yoga? Meditation? Aging in place certifications? Others....? I am wonderin...
71,thread_1140912403346657,2022-12-22T12:23:37Z,https://www.facebook.com/groups/uncagedcliniciangroup/permalink/1140912403346657/,49,74,0,Hi everyone! Has anyone ever built a home office shed to treat out of? I‚Äôve been looking into renting office space (I‚Äôm currently out of a gym) but there is something appealing about having people ...
72,thread_1091517411619490,2022-10-26T04:56:18Z,https://www.facebook.com/groups/uncagedcliniciangroup/permalink/1091517411619490/,11,93,0,"Good, cheap documentation system for a small side practice? Maybe 5 hours a week."
73,thread_1618891015548791,2024-12-10T20:08:11Z,https://www.facebook.com/groups/uncagedcliniciangroup/permalink/1618891015548791/,136,29,0,Hoping this encourages someone! I started my mobile cash business in March. Had a couple patients. Average 1-4 visits a week for the longest time. I was still doing full time home health. I resigne...
74,thread_1247326592705237,2023-05-23T13:05:10Z,https://www.facebook.com/groups/uncagedcliniciangroup/permalink/1247326592705237/,9,92,0,"With client permission: see brief history in my comments, but here‚Äôs the video. Patient is a 50 year old, active (spins, skis)married female. Put on mute to ignore my voice so I don‚Äôt sway you to t..."
75,thread_1132981234139774,2022-12-14T00:17:01Z,https://www.facebook.com/groups/uncagedcliniciangroup/permalink/1132981234139774/,121,36,0,"I put in my notice today to go PRN at my current company!! Also planning to go PRN with two other agencies just to have flexibility and ensure that I can stay as full as I want/need, but I‚Äôm so thr..."
76,thread_1800551500716074,2025-07-27T16:14:33Z,https://www.facebook.com/groups/uncagedcliniciangroup/permalink/1800551500716074/,10,91,0,What do other Luna clinicians think of the new $7.50 fee per visit they are instituting?
77,thread_1245299016241328,2023-05-20T12:17:56Z,https://www.facebook.com/groups/uncagedcliniciangroup/permalink/1245299016241328/,10,91,0,Just a crying post: been called to jury duty in 3 weeks and I cannot afford to not work. I am the breadwinner of the family. Can‚Äôt cancel patients to participate in a trial. Ugh üò©
78,thread_1661533977951161,2025-02-07T14:52:50Z,https://www.facebook.com/groups/uncagedcliniciangroup/permalink/1661533977951161/,53,69,0,"Warning: this is just a rant. Not necessary looking for advice. We have built a very strong, mobile practice, have two full-time therapists with full caseload and two per diem therapists with parti..."
79,thread_1398450110926217,2024-01-23T15:44:09Z,https://www.facebook.com/groups/uncagedcliniciangroup/permalink/1398450110926217/,122,34,0,I had a dream people‚Äôs health insurance cards were like a credit card and when you swiped it all their benefits were imported to your EMR. Someone make this happen please ‚ù§Ô∏è
80,thread_1883012935803263,2025-10-28T16:41:04Z,https://www.facebook.com/groups/uncagedcliniciangroup/permalink/1883012935803263/,43,73,0,This is a big NO!
81,thread_1120929198678311,2022-11-30T14:34:00Z,https://www.facebook.com/groups/uncagedcliniciangroup/permalink/1120929198678311/,153,18,0,"If anyone out there needs a sign to make the move and schedule a call with the UNCAGED team, this is it! As I am having my morning coffee(s) I realized that yesterday I actually sat down and had br..."
82,thread_1731299404307951,2025-05-01T22:54:57Z,https://www.facebook.com/groups/uncagedcliniciangroup/permalink/1731299404307951/,14,87,0,Are there any PTs that are practicing in Dallas Texas area!?!? Or even other cities in Texas?
83,thread_1335643343873561,2023-10-13T17:59:36Z,https://www.facebook.com/groups/uncagedcliniciangroup/permalink/1335643343873561/,4,92,0,"""LLC vs PLLC?"" I have a document outlining both. Want it? Comment ""ME"" below"
84,thread_1098973107540587,2022-11-03T21:54:21Z,https://www.facebook.com/groups/uncagedcliniciangroup/permalink/1098973107540587/,170,9,0,I saw my first private client today!! I‚Äôm so excited. Starting slow but starting!!
85,thread_1779607462810478,2025-07-02T04:00:28Z,https://www.facebook.com/groups/uncagedcliniciangroup/permalink/1779607462810478/,99,44,0,"APTA has introduced bipartisan Medicare Opt-Out legislation in the House of Representatives. Here is the position paper, more to come soon on what you can do to support: ""Medicare Patient Choice Act"""
86,thread_1649925982445294,2025-01-22T14:31:14Z,https://www.facebook.com/groups/uncagedcliniciangroup/permalink/1649925982445294/,66,59,0,First bad review. Coming only from a phone call. Is this something that can be removed by google since we never really saw/ provided our service to the patient? Or just leave it there since we have...
87,thread_1308148856623010,2023-08-29T18:01:28Z,https://www.facebook.com/groups/uncagedcliniciangroup/permalink/1308148856623010/,133,25,0,Practice owners - If your first and only goal is to FREE yourself up and pay your employees as little as possible - you are just creating a different model to the same old crap we are trying to get...
88,thread_999607154143850,2022-06-29T21:09:20Z,https://www.facebook.com/groups/uncagedcliniciangroup/permalink/999607154143850/,116,33,0,Aaaaahhhhh 8 new referrals so far this week. A good problem to have but my contractors are full! üôÉüôÉüôÉüôÉüôÉ
89,thread_1383907935713768,2023-12-31T22:58:25Z,https://www.facebook.com/groups/uncagedcliniciangroup/permalink/1383907935713768/,10,85,0,"As the year ends, what‚Äôs 1 thing you‚Äôre most proud of from 2023?!"
90,thread_1904038997033990,2025-11-21T12:41:16Z,https://www.facebook.com/groups/uncagedcliniciangroup/permalink/1904038997033990/,8,85,0,Helppppp‚Ä¶Thoughts on consequences for a clinician who is continually behind on documentation (anywhere from 2 weeks to 1 month behind) that has been given up to 3 warnings. Communication with the b...
91,thread_1740207190083839,2025-05-13T18:10:10Z,https://www.facebook.com/groups/uncagedcliniciangroup/permalink/1740207190083839/,15,81,0,I was told that If I provide personal training as a physical therapist I‚Äôm technically operating under my physical therapy license. Is that true?
92,thread_1617928495645043,2024-12-09T12:41:34Z,https://www.facebook.com/groups/uncagedcliniciangroup/permalink/1617928495645043/,31,73,0,"I‚Äôm struggling to get patients. I feel like I‚Äôve tried everything. I‚Äôve advertised, marketed, sponsored events, bought dinners for doctors, spoke with every gym in the county, talked to chiropracto..."
93,thread_1367103557394206,2023-12-04T19:29:49Z,https://www.facebook.com/groups/uncagedcliniciangroup/permalink/1367103557394206/,152,12,0,Officially will be UNCAGED at 5pm TODAY! www.empowerstrokerecovery.com
94,thread_1013106916127207,2022-07-18T21:39:52Z,https://www.facebook.com/groups/uncagedcliniciangroup/permalink/1013106916127207/,139,18,0,"Man, I hope this ends up being a trend, but people seem to be quite alright with doing my 1-on-1 private pay $170 per 1-hr eval and $130 or less for 45-min follow-up sessions depending on whether t..."
95,thread_1686890152082210,2025-03-11T16:08:18Z,https://www.facebook.com/groups/uncagedcliniciangroup/permalink/1686890152082210/,96,39,0,In case anyone is looking for inspirations. Here‚Äôs my mobile set up. Clean and tight!!! üòÇ Happy Tuesday!
96,thread_1904107223693834,2025-11-21T14:16:50Z,https://www.facebook.com/groups/uncagedcliniciangroup/permalink/1904107223693834/,17,78,0,"I honestly haven't researched at all, but PT is no longer considered professional degree under department of health. Chiropractors are still. Quick search stated to be professional: Need a doctorat..."
97,thread_1495914307846463,2024-06-22T17:25:12Z,https://www.facebook.com/groups/uncagedcliniciangroup/permalink/1495914307846463/,13,80,0,"**HOW DO I TREAT EHLERS DANLOS??!!** Quite a few of you have asked. Join me Wednesday June 26 at 6:00pm EST when I host guest, Jen Bambrough for a LIVE Q & A regarding EDS/hEDS! A special education..."
98,thread_1445461089558452,2024-04-06T15:53:41Z,https://www.facebook.com/groups/uncagedcliniciangroup/permalink/1445461089558452/,124,24,0,"This post is for those who are nervous about networking with local businesses. I met with six different businesses over the last two weeks - two small gyms, a running shoe store, a massage therapis..."
99,thread_1320884808682748,2023-09-19T19:59:26Z,https://www.facebook.com/groups/uncagedcliniciangroup/permalink/1320884808682748/,0,86,0,"HELP! Hello all, as i get closer to starting up and becoming Uncaged I still have one major road block that I need to figure out. Health insurance‚Ä¶ I want my wife to work part time and be home more..."
100,thread_1233120904125806,2023-05-02T00:53:44Z,https://www.facebook.com/groups/uncagedcliniciangroup/permalink/1233120904125806/,124,24,0,Just had to share because no one else will understand üòÜ just had my best month to date with 174 mobile therapy visits! Thanks for all the advice and Inspiration! üôåüèª
101,thread_1799885094116048,2025-07-26T20:35:39Z,https://www.facebook.com/groups/uncagedcliniciangroup/permalink/1799885094116048/,5,83,0,Hi! I have been a PT x 20+ years. I am currenlty non-clinical and hear often from PTs who want to leave the profession. My future DIL is a senior in college and planning on going to PT school. She ...
102,thread_1119696965468201,2022-11-28T23:50:00Z,https://www.facebook.com/groups/uncagedcliniciangroup/permalink/1119696965468201/,29,71,0,How many of y‚Äôall offer programs like this? This guy is a personal trainer and has done courses with ATG training - Ben Patrick. If he‚Äôs selling a program for $249 for people to ‚Äúfix their knees‚Äù w...
103,thread_1114063946031503,2022-11-21T17:14:45Z,https://www.facebook.com/groups/uncagedcliniciangroup/permalink/1114063946031503/,9,81,0,"Subject: Black Friday and Cyber Monday Hey, All! As someone opening my own mobile practice and knowing that Black Friday and Cyber Monday are coming up soon, I want to keep my eye out for good deal..."
104,thread_1177252479712649,2023-02-07T22:01:32Z,https://www.facebook.com/groups/uncagedcliniciangroup/permalink/1177252479712649/,135,17,0,"This is for all the newbies who are struggling/doubting themselves. Valuable lesson learned from flag football: My 9yo is on a flag football team, and he's the youngest and the smallest kid on the ..."
105,thread_1111142789656952,2022-11-18T01:02:32Z,https://www.facebook.com/groups/uncagedcliniciangroup/permalink/1111142789656952/,13,78,0,HYPERICE is tonight's Special Guest! They will be presenting a 60 min webinar on their products and how you can implement them to augment your practice. There will be time for Q&A at the end! All i...
106,thread_1577675076337052,2024-10-15T23:50:05Z,https://www.facebook.com/groups/uncagedcliniciangroup/permalink/1577675076337052/,68,50,0,There‚Äôs so much noise in the Rehab coaching and entrepreneur space and honestly it makes me want to stay more quiet because noise is exhausting and confusing. It‚Äôs hard to know where to turn and wh...
107,thread_1167865580651339,2023-01-26T18:07:39Z,https://www.facebook.com/groups/uncagedcliniciangroup/permalink/1167865580651339/,10,79,0,I feel bad even asking this but I cannot find any posts that simply just came out and asked‚Ä¶ How much do you earn doing this: 1. As a side hustle 2. Full time Feel free to message me privately if y...
108,thread_1772978933473331,2025-06-24T03:27:23Z,https://www.facebook.com/groups/uncagedcliniciangroup/permalink/1772978933473331/,35,66,0,"I am a cash based, mobile uncaged PT, and will be sitting down for a podcast episode with the president of the APTA. If you have any questions or topics of conversation that you think might be rele..."
109,thread_1411774469593781,2024-02-12T21:41:23Z,https://www.facebook.com/groups/uncagedcliniciangroup/permalink/1411774469593781/,15,76,0,"""How to transition from Mobile to BnM Clinic"" FREE workshop! Thur 2/15 6:30 EST. Comment ""Workshop"" for link!"
110,thread_1492605014844059,2024-06-17T17:19:52Z,https://www.facebook.com/groups/uncagedcliniciangroup/permalink/1492605014844059/,117,24,0,My 98 year old lady wanted a cup of coffee today during our session. I hate to see someone drink alone‚Ä¶ ü§†üôå‚òïÔ∏è
111,thread_1466440750793819,2024-05-08T21:14:14Z,https://www.facebook.com/groups/uncagedcliniciangroup/permalink/1466440750793819/,113,26,0,"Being mobile, if I want to set up shop at a city park, I can! ‚òÄÔ∏èüôåüí™ (Consent given by the client to take the photo)"
112,thread_1181141382657092,2023-02-13T00:24:52Z,https://www.facebook.com/groups/uncagedcliniciangroup/permalink/1181141382657092/,5,80,0,Clinical question: What needs to be done to get him into more extension? He is a patient post stroke if that matters.
113,thread_1222026721901891,2023-04-14T22:46:00Z,https://www.facebook.com/groups/uncagedcliniciangroup/permalink/1222026721901891/,144,10,0,If only it always was that easy. Just had a patient come to my at-home office. We finished in about 45-50 min and they handed me $160 cash at the end. 10 minutes later me and the wife are rearing u...
114,thread_1761965307908027,2025-06-10T14:05:21Z,https://www.facebook.com/groups/uncagedcliniciangroup/permalink/1761965307908027/,3,80,0,question What do you guys do when an obviously rich patient is asking for a 50$ discount on your cash prices. I work in NYC and I think I charge pretty low (150$) and they want aquatic therapy with...
115,thread_1741922016579023,2025-05-16T02:47:33Z,https://www.facebook.com/groups/uncagedcliniciangroup/permalink/1741922016579023/,1,81,0,"Which EMR system auto populates info into the eval from intake, is reliable, no ‚ÄúSystem down‚Äù time for cash based (+ superbill) practice, solo PT"
116,thread_1665865880851304,2025-02-13T16:51:04Z,https://www.facebook.com/groups/uncagedcliniciangroup/permalink/1665865880851304/,77,43,0,Hi everyone! I opened my new brick and mortar location few weeks ago. It‚Äôs a lot smaller than my previous one but perfect for my clientele. I am grateful for the guidance I get from your posts as w...
117,thread_1122937498477481,2022-12-02T20:20:45Z,https://www.facebook.com/groups/uncagedcliniciangroup/permalink/1122937498477481/,60,51,0,"So I have a dream of owning my own small ALF with a functioning farm as part of it, along with some hippotherapy treatments. I have no idea where to begin on getting loans, business grants, etc. Wh..."
118,thread_1326347494803146,2023-09-28T14:46:33Z,https://www.facebook.com/groups/uncagedcliniciangroup/permalink/1326347494803146/,7,77,0,"What do you think? Is this person avoiding surgery? 35 yrs old, doesn't want Fusion and rods. I can help her but not sure it'll be enough to avoid surgery."
119,thread_1883955932375630,2025-10-29T20:24:33Z,https://www.facebook.com/groups/uncagedcliniciangroup/permalink/1883955932375630/,118,21,0,"üöê FOR SALE: One-of-a-Kind Mobile Physical Therapy Studio ‚Äì 2022 Ford Transit Clinic on Wheels üí™ Take your practice anywhere with this fully equipped, custom-built mobile physical therapy clinic! Pe..."
120,thread_1417930968978131,2024-02-22T22:35:26Z,https://www.facebook.com/groups/uncagedcliniciangroup/permalink/1417930968978131/,88,36,0,Last day at my full time job tomorrow then going full force into building my cash based business! Share your success stories to help calm my nerves!
121,thread_1700030224101536,2025-03-27T12:13:57Z,https://www.facebook.com/groups/uncagedcliniciangroup/permalink/1700030224101536/,67,46,0,‚Ä¶. Ridiculous
122,thread_1741011546670070,2025-05-14T21:34:41Z,https://www.facebook.com/groups/uncagedcliniciangroup/permalink/1741011546670070/,28,65,0,So a personal trainer can charge cash to a client with Medicare for training but a Physical therapist with a personal training certification cannot?
123,thread_1453681862069708,2024-04-19T12:17:37Z,https://www.facebook.com/groups/uncagedcliniciangroup/permalink/1453681862069708/,12,73,0,How did I miss this this week??? Who went? What was the outcome?? Why wasn‚Äôt this all over the place?? Not only did I not see it all over I didn‚Äôt see it all ALL ANYWHERE. Link below üëáüèº
124,thread_1358984174872811,2023-11-20T21:00:39Z,https://www.facebook.com/groups/uncagedcliniciangroup/permalink/1358984174872811/,2,78,0,Seeking advice for my aunt‚Ä¶ I must be a dinosaur‚Ä¶It seems to me that a TKR should receive more frequent PT than only 2x/week in post-op home PT. My formative days after PT school were spent in inte...
125,thread_1283220289115867,2023-07-18T04:14:44Z,https://www.facebook.com/groups/uncagedcliniciangroup/permalink/1283220289115867/,17,69,0,Exposure. No one can really be serious. it‚Äôs been 24 hours. My guess was 625 the first day. This is how many people have signed requesting APTA help intervene (this one specifically UHC) with fraud...
126,thread_1476809096423651,2024-05-24T00:06:51Z,https://www.facebook.com/groups/uncagedcliniciangroup/permalink/1476809096423651/,2,76,0,Random question what is everyone's favorite pair of shoes for work? My recent pair of nikes have been a disappointment. Considering trying xeroshoes. Any recs? Thanks yall.
127,thread_1457187855052442,2024-04-24T22:02:36Z,https://www.facebook.com/groups/uncagedcliniciangroup/permalink/1457187855052442/,106,24,0,**NON-COMPETES are NO MAS!!** *HUUUGE WIN* and a *MASSIVE SIGH OF RELIEF* for anyone looking to start their own practice! üôåüí™üéâü•≥üíØ
128,thread_1132710057500225,2022-12-13T18:17:54Z,https://www.facebook.com/groups/uncagedcliniciangroup/permalink/1132710057500225/,132,11,0,We did it!!!!! Entering new patient #150 for 2022!!!
129,thread_1170940710343826,2023-01-30T14:37:58Z,https://www.facebook.com/groups/uncagedcliniciangroup/permalink/1170940710343826/,1,76,0,"Anyone have a resource for guidelines for website compliance? Building my website now! I.e. privacy policies, terms and conditions, etc."
130,thread_1061481217956443,2022-09-22T16:49:13Z,https://www.facebook.com/groups/uncagedcliniciangroup/permalink/1061481217956443/,126,13,0,Wanted to share a win and a lesson‚Ä¶ I had a client this month tell me before initial eval that he didn‚Äôt think he could afford my services. I explained a few points about my value and he decided to...
131,thread_993676328070266,2022-06-21T16:07:01Z,https://www.facebook.com/groups/uncagedcliniciangroup/permalink/993676328070266/,110,21,0,New Niche alert. I had a patient call me this morning who is gradually losing her vision and would like to pay me to go to the Apple Store to learn their new assistive technology and then see her i...
132,thread_1770977260340165,2025-06-21T15:48:31Z,https://www.facebook.com/groups/uncagedcliniciangroup/permalink/1770977260340165/,57,47,0,SPECIAL ANNOUNCEMENT!! üì£ And a WELCOME to the newest members!! üéâ
133,thread_1399373060833922,2024-01-25T02:21:31Z,https://www.facebook.com/groups/uncagedcliniciangroup/permalink/1399373060833922/,75,38,0,Was just scrolling and came across this. She charges 165 as a nail tech‚Ä¶ meanwhile PTs struggle to do the same‚Ä¶ CHARGE YOUR WORTH!
134,thread_1217868035651093,2023-04-08T02:00:36Z,https://www.facebook.com/groups/uncagedcliniciangroup/permalink/1217868035651093/,39,56,0,"What kind of ""bonuses"" or perks do some of you offer your employees? I just hired my first and want to keep her happy. She's awesome üòé"
135,thread_1627879391316620,2024-12-23T00:59:53Z,https://www.facebook.com/groups/uncagedcliniciangroup/permalink/1627879391316620/,6,72,0,Is this a real thing? I never did this
136,thread_1303549233749639,2023-08-21T20:34:43Z,https://www.facebook.com/groups/uncagedcliniciangroup/permalink/1303549233749639/,14,67,0,"Hello everyone, I am anonymously posting this to avoid having issues at my current full time job. I want to know if it is actually possible to go solo with an LLC, mostly do cash based and grow at ..."
137,thread_1288774248560471,2023-07-27T19:34:39Z,https://www.facebook.com/groups/uncagedcliniciangroup/permalink/1288774248560471/,106,21,0,Today I let my boss know that I will be leaving my position and I will be 100% invested in my own company. I was not working there currently but still employed in case I wanted to pick up any shift...
138,thread_1405151983589363,2024-02-03T00:29:15Z,https://www.facebook.com/groups/uncagedcliniciangroup/permalink/1405151983589363/,111,18,0,"Find your tribe. Find the people that inspire you, and give you hope. Entrepreneurship is hard‚Ä¶really freaking hard. It was never meant to be done alone. It‚Äôs a supportive tribe of people like this..."
139,thread_1618239098947316,2024-12-09T21:50:39Z,https://www.facebook.com/groups/uncagedcliniciangroup/permalink/1618239098947316/,6,70,0,It‚Äôs been impossible to hire a PT/DPT. What do y‚Äôall suggest? In Sarasota off Honore. If anyone knows of anyone.
140,thread_1195784311192799,2023-03-04T21:22:23Z,https://www.facebook.com/groups/uncagedcliniciangroup/permalink/1195784311192799/,30,58,0,"I‚Äôve been a cash based therapist and personal trainer for a year now working out of my home studio. I‚Äôm still really struggling with my fees. My therapy clients are my easiest. I see them, they lea..."
141,thread_1013271462777419,2022-07-19T03:45:43Z,https://www.facebook.com/groups/uncagedcliniciangroup/permalink/1013271462777419/,88,29,0,"Ever have those days where you‚Äôre 100% confident that starting your own biz is the best thing and you‚Äôre gonna rock it, followed by a day where you‚Äôre 100% terrified and question what the heck you‚Äô..."
142,thread_1001477930623439,2022-07-02T14:33:26Z,https://www.facebook.com/groups/uncagedcliniciangroup/permalink/1001477930623439/,76,35,0,"So, Im official!!! After bootcamp, I officially quit my job and started Key Performance, LLC. My first full week, I had 26 patients scheduled! It was insane!!!! I have been doing a side hustle for ..."
143,thread_969789780458921,2022-05-18T15:01:32Z,https://www.facebook.com/groups/uncagedcliniciangroup/permalink/969789780458921/,84,31,0,If you think you are charging too much ‚Ä¶ this is the receipt for the ALTERATiONS on my daughters size 2 prom dress! She made a bustle in the back. I didn‚Äôt time her but I‚Äôm betting less than 2.5 ho...
144,thread_1793090358128855,2025-07-18T15:02:06Z,https://www.facebook.com/groups/uncagedcliniciangroup/permalink/1793090358128855/,15,65,0,"I've only been an OT for 4 years and I'm burnt out as I suffer from imposter syndrome. (I'm short and look young) I am ready to get out of this field due to my personal mental health, political red..."
145,thread_1304670576970838,2023-08-23T21:54:48Z,https://www.facebook.com/groups/uncagedcliniciangroup/permalink/1304670576970838/,2,71,0,I have a client who's feeling really down about her TKR that she can't get full ROM out of. She's 4 months post op and current AROM is 6-103. Dr refuses to do a MUA bc he was worried he'd break her...
146,thread_1145233376247893,2022-12-27T16:59:36Z,https://www.facebook.com/groups/uncagedcliniciangroup/permalink/1145233376247893/,4,70,0,"Hey all. Any recommendations on Jane App vs. PT Everywhere? Hoping to start taking clients for my cash-based PT biz in Feb and looking to select an EMR that streamlines everything (scheduling, docu..."
147,thread_1120852125352685,2022-11-30T12:44:17Z,https://www.facebook.com/groups/uncagedcliniciangroup/permalink/1120852125352685/,91,26,0,"Update. All cleaned. Got my EMR. Got my faxing service. Marketing Photoshoot today!!!! Waiting on branding, logo, website, and social media marketing but it‚Äôs all starting today!! My goal was 10 vi..."
148,thread_1803220810449143,2025-07-30T19:37:56Z,https://www.facebook.com/groups/uncagedcliniciangroup/permalink/1803220810449143/,99,21,0,Stopping in to leave a very Biased opinion. I just hit my first huge month since going full time in my mobile business. I attribute a ton if it to the wisdom and advice of David Bayliff!!! He has h...
149,thread_1228323094605587,2023-04-24T14:39:54Z,https://www.facebook.com/groups/uncagedcliniciangroup/permalink/1228323094605587/,51,45,0,"Great idea for anyone afraid to start. I found out this morning my state, Illinois on average for a facility that accepts Medicaid has a wait list of 1300 patients, approximately 8 to 9 months To b..."
150,thread_970529530384946,2022-05-19T15:52:15Z,https://www.facebook.com/groups/uncagedcliniciangroup/permalink/970529530384946/,87,27,0,"2012. Review time. We all dread those meetings with our superiors. We are required to fill out forms answering questions about how WE think we have been performing. Then, we are asked about our goa..."
151,thread_1680431342728091,2025-03-03T18:49:12Z,https://www.facebook.com/groups/uncagedcliniciangroup/permalink/1680431342728091/,50,45,0,"So for all those that think PTs, PTAs, OTs, OTAs, and billers do not go to jail and that it must be okay because we got paid and everyone does it, you might want to google search Hertel and Brown c..."
152,thread_1445503069554254,2024-04-06T17:26:58Z,https://www.facebook.com/groups/uncagedcliniciangroup/permalink/1445503069554254/,102,19,0,This is the message I got from my patient today after going to her ortho follow up with her. I‚Äôve heard Anthony Maritato talk about going to MD appts with patients several times. David Bayliff and ...
153,thread_1444376926333535,2024-04-04T22:33:52Z,https://www.facebook.com/groups/uncagedcliniciangroup/permalink/1444376926333535/,90,25,0,"I wanted to share a HUGE win ü•≥ I JUST launched my first online course for stress and urge incontinence! This is geared towards women of all ages, but mainly the 20-50 y/o crowd! I wanted to make th..."
154,thread_1792629978174893,2025-07-18T02:09:32Z,https://www.facebook.com/groups/uncagedcliniciangroup/permalink/1792629978174893/,18,60,0,"Are you aware that at any time, a politically appointed (not elected) state board can strip you of your license ‚Äî your career, your reputation, your livelihood ‚Äî over a treatment you‚Äôve never recei..."
155,thread_1197829160988314,2023-03-07T23:11:42Z,https://www.facebook.com/groups/uncagedcliniciangroup/permalink/1197829160988314/,12,63,0,Question (my apologies if this has been asked). I am a sports PT and have my CSCS. I have recently been approached by two people who want me to train them privately. I do not hold a personal traini...
156,thread_1618964265541466,2024-12-10T23:10:17Z,https://www.facebook.com/groups/uncagedcliniciangroup/permalink/1618964265541466/,7,65,0,Anyone hired VA‚Äôs for their biz? I‚Äôve hired 2! Totally worth it! üî•üíØ
157,thread_1397112427726652,2024-01-21T22:36:15Z,https://www.facebook.com/groups/uncagedcliniciangroup/permalink/1397112427726652/,10,63,0,Just sharing with like minds. This is my grandmas knee X-ray (permission to post). She has her TKA scheduled Tuesday this week. What the HECK!! Calcified quad tendon? Her joint surfaces actually lo...
158,thread_1640542673383625,2025-01-09T17:38:14Z,https://www.facebook.com/groups/uncagedcliniciangroup/permalink/1640542673383625/,3,66,0,I have salaried PT‚Äôs at my office. We are closing down tomorrow due to potential bad weather where we are. Would this count as a day off for the PT‚Äôs and they use PTO? I‚Äôm not sure how to go about ...
159,thread_1131849477586283,2022-12-12T21:03:42Z,https://www.facebook.com/groups/uncagedcliniciangroup/permalink/1131849477586283/,5,65,0,"For therapists that built their practice website on their own , what website builder did you use and would you recommend it? I don‚Äôt have any coding knowledge. I would like to use a website builder..."
160,thread_996497231121509,2022-06-25T16:34:51Z,https://www.facebook.com/groups/uncagedcliniciangroup/permalink/996497231121509/,9,63,0,"Cash-based pt 1st visit: Family wants the pt to walk. Pt is hoyer lift, confused, uncooperative. Family thinks the rate should be 25% less because of how much the other PT is charging. (Hired to be..."
161,thread_1695068184597740,2025-03-21T13:39:09Z,https://www.facebook.com/groups/uncagedcliniciangroup/permalink/1695068184597740/,20,57,0,"So looking again with frustration at all the other practices that encroach no matter how inappropriate. Maybe not taught kinesiology, physiology for a reason. Where is APTA protecting us. Other tha..."
162,thread_1310357376402158,2023-09-02T14:43:05Z,https://www.facebook.com/groups/uncagedcliniciangroup/permalink/1310357376402158/,8,63,0,Hey friends. I had a new patient come in this week with bed bugs literally crawling on her. I picked them off and smashed them between my fingers as I saw them üò´. I felt bad because she was embarra...
163,thread_1150668295704401,2023-01-03T15:08:37Z,https://www.facebook.com/groups/uncagedcliniciangroup/permalink/1150668295704401/,100,17,0,"Dan Lankenau and I started our private mobile practice, Allied Therapy Partners, 2 years ago and this is where we are now. You all can do it too! Go out there and crush your 2023! Happy new year ev..."
164,thread_974637156640850,2022-05-25T12:16:20Z,https://www.facebook.com/groups/uncagedcliniciangroup/permalink/974637156640850/,22,56,0,"Hey all - some of you know me well, others don't but I'm trying hard to push to win this this year. If you don't mind taking literally a minute to vote for us as best PT in Pensacola I would apprec..."
165,thread_1802486223855935,2025-07-29T23:08:50Z,https://www.facebook.com/groups/uncagedcliniciangroup/permalink/1802486223855935/,19,57,0,"Not sure if I can post this here - lmk where I can post if not allowed: Update: 10/7/25 @6mos post-op (4/11/25 Surgery) For those who commented on recs and knowledge, thank you! Here is the status ..."
166,thread_1456510245120203,2024-04-23T21:41:46Z,https://www.facebook.com/groups/uncagedcliniciangroup/permalink/1456510245120203/,91,21,0,FYI
167,thread_1434254594012435,2024-03-20T16:56:15Z,https://www.facebook.com/groups/uncagedcliniciangroup/permalink/1434254594012435/,89,22,0,"I want to give a testimonial to Kevin DeGroot, Josh Payne, David Bayliff, and all the staff at UNCAGED CLINICIAN. My partner and I left our full time jobs at the end of September 2023 and were very..."
168,thread_1230889314348965,2023-04-28T14:01:06Z,https://www.facebook.com/groups/uncagedcliniciangroup/permalink/1230889314348965/,97,18,0,"So, get this: Samuel anointed David to be king right in front of his dad and brothers. Can you believe it? They didn't believe in him and even left him out in the fields with the sheep when Samuel ..."
169,thread_1234368047334425,2023-05-03T23:03:03Z,https://www.facebook.com/groups/uncagedcliniciangroup/permalink/1234368047334425/,104,14,0,1 year‚Ä¶2 months ‚Ä¶ and 3 days later. I am entering new patient #199 and #200 in my system. ü•≥ü•≥ü•≥ü•≥ it‚Äôs been quite the road shutting down my first company due to a fraudulent business partner that left...
170,thread_1145141596257071,2022-12-27T14:46:02Z,https://www.facebook.com/groups/uncagedcliniciangroup/permalink/1145141596257071/,19,56,0,"I am contemplating adding a subscription type service for PT. A monthly fee. I am wondering if anyone here had successfully done something like this? I starting completely mobile, but am now hybrid..."
171,thread_1660217784749447,2025-02-05T17:05:27Z,https://www.facebook.com/groups/uncagedcliniciangroup/permalink/1660217784749447/,94,18,0,The first photo came up in my memories today. It was my first ‚Äúoffice‚Äù 10 years ago. It was a 6x10 walk in closet in a chiropractor‚Äôs office that I turned into a cozy therapy room. My table was on ...
172,thread_1608567869914439,2024-11-26T13:21:29Z,https://www.facebook.com/groups/uncagedcliniciangroup/permalink/1608567869914439/,104,13,0,I am officially UNCAGED!!!!! I cannot tell you how helpful this group has been for information and support. Thank you all!
173,thread_1451314018973159,2024-04-15T21:45:12Z,https://www.facebook.com/groups/uncagedcliniciangroup/permalink/1451314018973159/,6,62,0,What is your biggest challenge right now in your business? ‚¨áÔ∏è
174,thread_1863210521116838,2025-10-07T14:21:41Z,https://www.facebook.com/groups/uncagedcliniciangroup/permalink/1863210521116838/,59,35,0,"Patient is fully aware of her $45 copay. Go out to her home, spend an hour to eval, provide HEP, great session. Patient says ‚Äúoh I wish I started my hand therapy with you, you‚Äôre fabulous ‚Äú blah bl..."
175,thread_1506968273407733,2024-07-08T22:30:06Z,https://www.facebook.com/groups/uncagedcliniciangroup/permalink/1506968273407733/,3,63,0,Curious... What's the biggest challenge you're facing this week?
176,thread_1299081534196409,2023-08-16T13:00:36Z,https://www.facebook.com/groups/uncagedcliniciangroup/permalink/1299081534196409/,89,20,0,Do you know when everything changed for me in business? When I stopped reading everything and looking for the secret sauce. I read over 110 business books when I first started my practice in 2016‚Ä¶ ...
177,thread_975818196522746,2022-05-27T04:00:49Z,https://www.facebook.com/groups/uncagedcliniciangroup/permalink/975818196522746/,111,9,0,"I wanted to share a small victory. Prior to this week, I had 3 patients on my caseload being mobile for the last 3 months. But I kept going to MD offices to market every week in my down time. This ..."
178,thread_1739292726841952,2025-05-12T13:00:06Z,https://www.facebook.com/groups/uncagedcliniciangroup/permalink/1739292726841952/,10,59,0,Anyone use shockwave therapy in their clinics? Looking for recommendations on machines and most importantly results!
179,thread_1409071576530737,2024-02-09T01:18:21Z,https://www.facebook.com/groups/uncagedcliniciangroup/permalink/1409071576530737/,42,43,0,"For anyone with a business that your started before 2024, there are two legal things you need to do by the end of the year: 1. Authenticate Your Domain through your email provider (to comply with a..."
180,thread_1325866024851293,2023-09-27T19:37:59Z,https://www.facebook.com/groups/uncagedcliniciangroup/permalink/1325866024851293/,62,33,0,Pre-UNCAGED Success Council LIVE team meeting!
181,thread_1642808596490366,2025-01-12T21:32:58Z,https://www.facebook.com/groups/uncagedcliniciangroup/permalink/1642808596490366/,83,22,0,Get comfortable talking about pay. I was at a dry needling course this weekend and met multple cash PTs. It was interesting hearing the spectrum of what others were charging for regular visits . Pe...
182,thread_1202419140529316,2023-03-14T14:03:29Z,https://www.facebook.com/groups/uncagedcliniciangroup/permalink/1202419140529316/,8,59,0,So PT can‚Äôt accept cash from a Medicaid patient if they want more services but they can pay a diatician?? ü§°ü§°ü§°ü§°ü§° Logic??
183,thread_1193597518078145,2023-03-01T16:58:45Z,https://www.facebook.com/groups/uncagedcliniciangroup/permalink/1193597518078145/,70,28,0,MAJOR ANNOUNCEMENT. TLDR: register for the Uncaged Clinician Community and App launch party using the link in the comments! Honestly this is the biggest thing we've ever done at Uncaged Clinician a...
184,thread_1848690965902127,2025-09-21T20:40:04Z,https://www.facebook.com/groups/uncagedcliniciangroup/permalink/1848690965902127/,7,59,0,What are each of your niches that you pursue as uncaged clinicians? Another way to answer this is what is your ideal client?
185,thread_1435817917189436,2024-03-23T03:21:12Z,https://www.facebook.com/groups/uncagedcliniciangroup/permalink/1435817917189436/,93,16,0,"Ah! I did a thing. My current lease ends in July‚Ä¶ single room 168 sq ft, an hour commute one way. I signed a lease for a new space‚Ä¶ multiple rooms 1252 sq ft, eight minutes from home!!! And I found..."
186,thread_1390057191765509,2024-01-10T23:32:51Z,https://www.facebook.com/groups/uncagedcliniciangroup/permalink/1390057191765509/,13,56,0,"Have you ever wondered why your business didn't have the traction you wanted? We just finished developing an assessment for business owners to ""check their vital signs"" and figure out whats holding..."
187,thread_1325099194927976,2023-09-26T17:14:07Z,https://www.facebook.com/groups/uncagedcliniciangroup/permalink/1325099194927976/,9,58,0,My boys (12 and 10) are w-2 employees of my mobile PT biz. I pay them to load unload my car. I received a notice from the state asking to disclose my workers comp insurance. I don‚Äôt have WC insuran...
188,thread_1252560365515193,2023-05-31T17:12:49Z,https://www.facebook.com/groups/uncagedcliniciangroup/permalink/1252560365515193/,43,41,0,"Happy Birthday, David Bayliff!"
189,thread_1016621555775743,2022-07-23T14:15:48Z,https://www.facebook.com/groups/uncagedcliniciangroup/permalink/1016621555775743/,21,52,0,"Are you overwhelmed with the various ways to market, but you have limited time? Here‚Äôs a tip to help you‚Ä¶"
190,thread_1670673023703923,2025-02-19T17:21:35Z,https://www.facebook.com/groups/uncagedcliniciangroup/permalink/1670673023703923/,2,61,0,"Wondering if any of you pay your employees per patient that they see rather than per hour? We do charge a no-show or cancellation fee, but I have had quite a few lately and I don't feel like my PT'..."
191,thread_1576688763102350,2024-10-14T16:42:37Z,https://www.facebook.com/groups/uncagedcliniciangroup/permalink/1576688763102350/,8,58,0,What is the general view of using manual muscle tests as an objective measure of progress? Our clinic is trying to steer few of us veterans away from using manual muscle tests and it feels like the...
192,thread_1456890458415515,2024-04-24T12:16:36Z,https://www.facebook.com/groups/uncagedcliniciangroup/permalink/1456890458415515/,6,59,0,"I‚Äôm doing research on red light therapy, have never used it, debating if I want to add that to my mobile practice. A chiropractor I met sent me this link. Does anyone know about these products at t..."
193,thread_1418361482268413,2024-02-23T15:50:27Z,https://www.facebook.com/groups/uncagedcliniciangroup/permalink/1418361482268413/,10,57,0,What are some ways you have ‚ÄúWowed‚Äù clients?
194,thread_1328308777940351,2023-10-01T23:00:47Z,https://www.facebook.com/groups/uncagedcliniciangroup/permalink/1328308777940351/,1,61,0,Hello! I am a mobile PT in central Wisconsin looking for advice from other mobile PTs on a vehicle they would recommend or don't recommend for the job? Does anyone lease? I currently have a 2017 Je...
195,thread_1235635113874385,2023-05-05T18:10:09Z,https://www.facebook.com/groups/uncagedcliniciangroup/permalink/1235635113874385/,97,13,0,"""$500k/year"" That's what someone just told me they had sitting there unbilled or clients that are being turned away because they can't find qualified therapists. First- it's amazing what our client..."
196,thread_1150984962339401,2023-01-04T01:49:33Z,https://www.facebook.com/groups/uncagedcliniciangroup/permalink/1150984962339401/,15,54,0,Need some advice. I‚Äôm starting up my mobile cash-pay practice this week. I had four clients scheduled to eval on Friday. One of them had contacted me by phone several weeks ago to get on the schedu...
197,thread_1369972300440665,2023-12-09T15:10:44Z,https://www.facebook.com/groups/uncagedcliniciangroup/permalink/1369972300440665/,24,49,0,"Posting a pic of our general PNL for last 3 years. Sole owner with $350k salary, nearly ZERO clinical role and working ""on"" the business approximately 15hrs per week. Revenue will likely see anothe..."
198,thread_1257734644997765,2023-06-08T16:58:13Z,https://www.facebook.com/groups/uncagedcliniciangroup/permalink/1257734644997765/,8,57,0,What certifications and extra training has resulted in the biggest ROI for all you cash based peeps?
199,thread_1159885004782730,2023-01-15T18:38:45Z,https://www.facebook.com/groups/uncagedcliniciangroup/permalink/1159885004782730/,16,53,0,Can I get some feedback on my new marketing posts I am working on?
200,thread_1131851634252734,2022-12-12T21:08:10Z,https://www.facebook.com/groups/uncagedcliniciangroup/permalink/1131851634252734/,58,32,0,I win today. I got a check from UHC from DOS 3/3/21 3/5/21 & 3/8/21. I gave up fighting for it over a year ago. Let that be your lesson to not be in network!
201,thread_1421275008643727,2024-02-28T14:54:13Z,https://www.facebook.com/groups/uncagedcliniciangroup/permalink/1421275008643727/,91,15,0,"The first thing I noticed was all of the ice plunges‚Ä¶ So, I‚Äôve deliberately tried hard to spend less time on social media lately, both posting and consuming‚Ä¶ A little bit of margin from it, made so..."
202,thread_1479233869514507,2024-05-27T17:15:48Z,https://www.facebook.com/groups/uncagedcliniciangroup/permalink/1479233869514507/,68,26,0,"For those who did The MURPH today, üôåüí™üëä"
203,thread_1293485881422641,2023-08-04T22:52:24Z,https://www.facebook.com/groups/uncagedcliniciangroup/permalink/1293485881422641/,88,16,0,WHOA! A recent Launchpad student who just started the Pathway program has 18 visits for next wk!
204,thread_1261927181245178,2023-06-14T16:06:10Z,https://www.facebook.com/groups/uncagedcliniciangroup/permalink/1261927181245178/,24,48,0,Want to get more clients in your practice? We just recorded a 30 min podcast that will be extremely helpful for you to help you with that üî• Want it?
205,thread_1645022759602283,2025-01-15T20:39:22Z,https://www.facebook.com/groups/uncagedcliniciangroup/permalink/1645022759602283/,19,50,0,If patients are willing to pay $500-$700 dollars a visit does that mean I should? At what point is it a ripoff?
206,thread_1389456045158957,2024-01-10T01:46:56Z,https://www.facebook.com/groups/uncagedcliniciangroup/permalink/1389456045158957/,5,57,0,Looking for recommendations on continuing education. Bonus if it's a certification or as a business owner it opens up another revenue stream. Open to all options but I'm leaning toward something to...
207,thread_1104630720308159,2022-11-10T11:10:30Z,https://www.facebook.com/groups/uncagedcliniciangroup/permalink/1104630720308159/,1,59,0,Good morning fellow practitioners! I‚Äôm a PTA and have been considering going back to school to do my DPT and I have 2 questions: 1) any schools you suggest that either has a bridge program or a hyb...
208,thread_1062198457884719,2022-09-23T13:03:52Z,https://www.facebook.com/groups/uncagedcliniciangroup/permalink/1062198457884719/,57,31,0,I just got a referral from this doctor. First one. I have heard of him. Now look here. Read that twice. That‚Äôs how good he is. You can be too.
209,thread_1639378136833412,2025-01-08T03:05:36Z,https://www.facebook.com/groups/uncagedcliniciangroup/permalink/1639378136833412/,14,52,0,Are there any Chicago therapists who would like to meet and network at a happy hour?
210,thread_1615777062526853,2024-12-06T12:25:05Z,https://www.facebook.com/groups/uncagedcliniciangroup/permalink/1615777062526853/,20,49,0,Update: thank you everyone for the feedback. After your feedback I sent an invoice via certified mail (so they couldn‚Äôt say they didn‚Äôt receive it). I also sent them a message letting them know I w...
211,thread_1146962372741660,2022-12-29T20:23:23Z,https://www.facebook.com/groups/uncagedcliniciangroup/permalink/1146962372741660/,96,11,0,üòÇüòÇüòÇ I wouldn't trade this üé† ride for anything right now. But I also wouldn't have gotten on it in the first place without knowing I'd have support to get through the lows. The coaching from Kevin D...
212,thread_1510020113102549,2024-07-13T14:30:58Z,https://www.facebook.com/groups/uncagedcliniciangroup/permalink/1510020113102549/,73,22,0,"With the inspiration from this group, and a lot of encouragement from family, friends, and former patients, I started my mobile concierge practice 1 month ago. In 4 weeks I billed $20K in services...."
213,thread_1197158774388686,2023-03-07T00:32:00Z,https://www.facebook.com/groups/uncagedcliniciangroup/permalink/1197158774388686/,29,44,0,"David Bayliff hosts special guests: Joe Camoratto PT and CJ DePalma PT. Joe and CJ will share how they work with clients from a ""Wellness/Coaching"" perspective. They will also discuss PERIODIZATION..."
214,thread_1629073397863886,2024-12-24T15:19:25Z,https://www.facebook.com/groups/uncagedcliniciangroup/permalink/1629073397863886/,52,32,0,UPDATE: It is suspended again ü•¥ Just letting everyone know that BOI reporting was reinstated and is due January 13th. Please make sure you complete it if you already have not. It takes 5 minutes to...
215,thread_1108248206613077,2022-11-14T19:13:22Z,https://www.facebook.com/groups/uncagedcliniciangroup/permalink/1108248206613077/,8,54,0,"If ur a PT going into others homes, how do you ensure safety? Especially as a women?"
216,thread_1102104913894073,2022-11-07T14:38:16Z,https://www.facebook.com/groups/uncagedcliniciangroup/permalink/1102104913894073/,96,10,0,"If your WHY is strong enough, you will fight like heck to get it."
217,thread_1737555197015705,2025-05-10T02:49:32Z,https://www.facebook.com/groups/uncagedcliniciangroup/permalink/1737555197015705/,13,51,0,"Hi everyone! I started my mobile cash based pelvic floor PT practice about 2 months ago. After going to countless doctors, I'm realizing this is not the best way to market. However, I haven't been ..."
218,thread_1214652319305998,2023-04-02T20:42:35Z,https://www.facebook.com/groups/uncagedcliniciangroup/permalink/1214652319305998/,1,57,0,Hi Everyone! I am so grateful for this community for keeping the vision alive and the passion in my heart. I left my outpatient job earlier this year and when initially meeting with an attorney was...
219,thread_1046864926084739,2022-09-03T18:48:10Z,https://www.facebook.com/groups/uncagedcliniciangroup/permalink/1046864926084739/,13,51,0,Hello there! I want to be uncaged but currently don‚Äôt have the brain power or time to do so‚Ä¶ (mom of a 3 yo and 9 month twins). Can someone shed some light on the whole ‚Äúyou can‚Äôt provide therapy s...
220,thread_1644193636351862,2025-01-14T17:11:31Z,https://www.facebook.com/groups/uncagedcliniciangroup/permalink/1644193636351862/,14,50,0,What‚Äôs the hype around all these red light machines/beds? I‚Äôve noticed a lot of PT‚Äôs starting ‚Äúmed-spa‚Äù like treatment styles in their clinics
221,thread_1605136013590958,2024-11-21T18:00:30Z,https://www.facebook.com/groups/uncagedcliniciangroup/permalink/1605136013590958/,62,26,0,"Today's ChatGPT hack: I take a patient's initial subjective history as it comes. My sentences are choppy, out of order, and often have typos. The story is there, but I wouldn't want to be the one w..."
222,thread_1425210358250192,2024-03-06T00:16:37Z,https://www.facebook.com/groups/uncagedcliniciangroup/permalink/1425210358250192/,10,52,0,"Curious on how everyone pays themselves, mostly those who are single provider practices . Do you pay yourself weekly, biweekly, etc? Do you always pay yourself the same amount or do you pay yoursel..."
223,thread_1392507054853856,2024-01-14T19:20:08Z,https://www.facebook.com/groups/uncagedcliniciangroup/permalink/1392507054853856/,38,38,0,I now have 4 patients for my newly launched mobile therapy business while still working full time at my job. No more room to see patients for my business. Tomorrow I have to ask to cut my hours at ...
224,thread_1365120504259178,2023-12-01T11:30:38Z,https://www.facebook.com/groups/uncagedcliniciangroup/permalink/1365120504259178/,12,51,0,How do solo practitioners make home-health profitable when you are driving all day?
225,thread_1322653348505894,2023-09-22T21:52:46Z,https://www.facebook.com/groups/uncagedcliniciangroup/permalink/1322653348505894/,0,57,0,"HELP! I am trying to get credentialed with United Healthcare although I‚Äôve heard nightmares about this insurance company. I have a couple of patients that want me to see them, but have UHC. Are any..."
226,thread_1692973428140549,2025-03-19T02:10:11Z,https://www.facebook.com/groups/uncagedcliniciangroup/permalink/1692973428140549/,3,55,0,"Those who have a brick and mortar space. What modalities do you feel is best for patient outcome, E stim? Ultrasound? Heat? I was mobile for some long I stopped using them."
227,thread_1579007652870461,2024-10-17T16:10:12Z,https://www.facebook.com/groups/uncagedcliniciangroup/permalink/1579007652870461/,5,54,0,I know this topic has been covered before BUT I had someone approach me about seeing their mother for PT. Her mother is on medicare. She and her mother would prefer to see me over an in-network pro...
228,thread_1272251700212726,2023-07-01T03:22:04Z,https://www.facebook.com/groups/uncagedcliniciangroup/permalink/1272251700212726/,95,9,0,A new chapter begins...Today was my last day as a Rehab Director. I am officially #uncaged!!!
229,thread_1189453665159197,2023-02-23T21:08:15Z,https://www.facebook.com/groups/uncagedcliniciangroup/permalink/1189453665159197/,63,25,0,For all the business owners üòÇüòÇü´†ü§™üò©üòµ‚Äçüí´
230,thread_1389428795161682,2024-01-10T00:32:18Z,https://www.facebook.com/groups/uncagedcliniciangroup/permalink/1389428795161682/,12,50,0,Hello all. Im doing homecare PT for Medicare part B patients in NY and I make 62.5$/hour plus all the benefits. Ive noticed that the company i work for gets reimbursed about 200-220$/(empire) visit...
231,thread_1224753241629239,2023-04-18T22:58:12Z,https://www.facebook.com/groups/uncagedcliniciangroup/permalink/1224753241629239/,72,20,0,Just heard Missouri will be Direct Access as of August of this year!!! So excited for the new possibilities!!!!
232,thread_1006529953451570,2022-07-09T20:16:30Z,https://www.facebook.com/groups/uncagedcliniciangroup/permalink/1006529953451570/,6,53,0,Any other OTs here?
233,thread_1661005771337315,2025-02-06T20:42:18Z,https://www.facebook.com/groups/uncagedcliniciangroup/permalink/1661005771337315/,7,52,0,It's been about 5 years since I did consulting for a law firm. I was charging $375/hr back then. What are people getting these days? TIA
234,thread_1522111408560086,2024-08-01T01:59:09Z,https://www.facebook.com/groups/uncagedcliniciangroup/permalink/1522111408560086/,1,55,0,"If you are a mobile PT who brings a portable table with you and it fits in the trunk of your vehicle, what kind of vehicle do you drive? After a year of making it work, I need a vehicle that can fi..."
235,thread_1347620602675835,2023-11-01T22:11:09Z,https://www.facebook.com/groups/uncagedcliniciangroup/permalink/1347620602675835/,71,20,0,"We just reached 14,000 members in the group! Thank you all for helping make this community strong."
236,thread_1287205595384003,2023-07-25T01:39:32Z,https://www.facebook.com/groups/uncagedcliniciangroup/permalink/1287205595384003/,3,54,0,"Practice owners - Do you compensate your therapists for admin time (documentation, calling physicians/patients etc.) If so, are you paying hourly wage?"
237,thread_1193807954723768,2023-03-02T00:02:41Z,https://www.facebook.com/groups/uncagedcliniciangroup/permalink/1193807954723768/,21,45,0,"David Bayliff hosts Special Guest, GREG TODD! Greg will discuss creating INVINCIBLE INCOME STREAMS. We promise you that if you have never been exposed to Greg Todd, he is going to bring hype, and b..."
238,thread_1183804289057468,2023-02-16T12:50:43Z,https://www.facebook.com/groups/uncagedcliniciangroup/permalink/1183804289057468/,7,52,0,Hi I know this has been asked before but I‚Äôm looking for the cheapest most simple and basic emr that you all would recommend. Looking to save time and cost. We don‚Äôt need to incorporate billing and...
239,thread_1139800250124539,2022-12-21T02:58:32Z,https://www.facebook.com/groups/uncagedcliniciangroup/permalink/1139800250124539/,97,7,0,You got into this profession for a reason. It wasn't easy to get through school. It wasn't easy to make the sacrifices that you made but you still did it for a reason. Then you got jaded. A bad bos...
240,thread_971244030313496,2022-05-20T15:48:11Z,https://www.facebook.com/groups/uncagedcliniciangroup/permalink/971244030313496/,13,49,0,For those who moved into mobile outpatient‚Ä¶ what are the top 3-4 items you use now that you initially didn‚Äôt expect to when you first started‚Ä¶ and what are the few that you did purchase that you ge...
241,thread_1866493624121861,2025-10-10T17:53:06Z,https://www.facebook.com/groups/uncagedcliniciangroup/permalink/1866493624121861/,66,22,0,Hi Uncaged crew! Just wanted to share a win! I just opened a Racewood simulator for horseback riders down here in Wellington FL. Would love to connect with anyone who has clients that winter down h...
242,thread_1760464444724780,2025-06-08T16:38:06Z,https://www.facebook.com/groups/uncagedcliniciangroup/permalink/1760464444724780/,38,36,0,"PSA that Luna Physical Therapy is not your friend. When you work with them, keep your eyes wide open on what their mission is. They are prioritizing hospital based outpatient therapy and hospital s..."
243,thread_1320338668737362,2023-09-22T13:00:05Z,https://www.facebook.com/groups/uncagedcliniciangroup/permalink/1320338668737362/,14,48,0,**EXCITING NEW WORKSHOP!** Thinking of starting your own practice? Perhaps you have just started? We are hosting a FREE workshop on moving ***Beyond Financial Success.*** If one reason why you are ...
244,thread_1257860241651872,2023-06-08T21:16:53Z,https://www.facebook.com/groups/uncagedcliniciangroup/permalink/1257860241651872/,90,10,0,our clinic has it's 18th birthdaay today!! 06/08/2005
245,thread_1233701170734446,2023-05-02T22:20:38Z,https://www.facebook.com/groups/uncagedcliniciangroup/permalink/1233701170734446/,70,20,0,"Hey everyone!! Just launched my mobile pelvic PT cash-pay practice in Phoenix, AZ. I'm stoked to get started. I've learned so much already from this group, so thank you üôèüôè You can find me on Instag..."
246,thread_1010627553041810,2022-07-15T13:15:39Z,https://www.facebook.com/groups/uncagedcliniciangroup/permalink/1010627553041810/,90,10,0,So yesterday was my last day at my full time hospital position! I am devoting myself to my mobile outpatient practice and filling in the gaps for now with PRN work! Feels amazing!!! I saw my first ...
247,thread_1742243896546835,2025-05-16T13:05:36Z,https://www.facebook.com/groups/uncagedcliniciangroup/permalink/1742243896546835/,1,54,0,"OK, are you brainiacs out there? Figure this one out Wednesday afternoon slipped on let‚Äôs just say a banana peel not sure what it was. I did not fall. I did not have any impact. I caught myself and..."
248,thread_1698380500933175,2025-03-25T13:11:24Z,https://www.facebook.com/groups/uncagedcliniciangroup/permalink/1698380500933175/,73,18,0,Incoming gushy post.. üòÖ So I'm about to celebrate my 2nd year as an independent and UNCAGED CLINICIAN and I can't help but feel a huge sense of gratitude. ‚ù§Ô∏è I took a completely different approach ...
249,thread_1195267321244498,2023-03-04T01:55:51Z,https://www.facebook.com/groups/uncagedcliniciangroup/permalink/1195267321244498/,19,45,0,"So after almost 30 years in a hospital based clinic, I‚Äôm going out on my own! Hybrid office/mobile cash based pelvic/vestibular/ortho. I have 2 requests from you very supportive and experienced peo..."
250,thread_1043175783120320,2022-08-30T02:38:26Z,https://www.facebook.com/groups/uncagedcliniciangroup/permalink/1043175783120320/,99,5,0,As I‚Äôve made more money and been around people who make a lot of money I feel it‚Äôs important to remind people that the people who make a ton of money have the same core problems you do. Yet so ofte...
251,thread_1481835949254299,2024-05-31T18:53:07Z,https://www.facebook.com/groups/uncagedcliniciangroup/permalink/1481835949254299/,8,50,0,"**IT'S MY BIRTHDAY!!** üéâü•≥ü§† ***And I want to give YOU a FREE GIFT!*** üéÅ TODAY ONLY... If you are thinking about starting your own practice, or if you've just started, I (along with the *UNCAGED CLIN..."
252,thread_1262924194478810,2023-06-16T03:55:12Z,https://www.facebook.com/groups/uncagedcliniciangroup/permalink/1262924194478810/,14,47,0,"Is it kosher to be contracted with Medicare part B, but choose to not contract with all the Medicare HMO Advantage plans and just charge cash for those patients? I'm ok with straight up Medicare, b..."
253,thread_1212248859546344,2023-03-30T00:23:53Z,https://www.facebook.com/groups/uncagedcliniciangroup/permalink/1212248859546344/,36,36,0,Long rant. Feeling a bit down. Love working for ourselves rather than someone else. But I am in a mental rut. Like big time. There is a never ending list of things to do/get caught up on and I feel...
254,thread_1219934622111101,2023-04-11T13:29:51Z,https://www.facebook.com/groups/uncagedcliniciangroup/permalink/1219934622111101/,3,52,0,Looking to get a new logo and ‚Äúbrand name‚Äù made‚Ä¶ the graphic designer I have used before that made an awesome logo for $100 is now proposing a $1500 fee for her ‚ÄúBrand Propsal.‚Äù Yikes!! What have y...
255,thread_1121980085239889,2022-12-01T17:11:41Z,https://www.facebook.com/groups/uncagedcliniciangroup/permalink/1121980085239889/,23,42,0,I‚Äôm seriously considering leaving the hospital setting and starting my own practice by myself. I‚Äôm hesitant to do it because of all the energy and time starting a new company takes with small kids ...
256,thread_981090589328840,2022-06-03T16:28:44Z,https://www.facebook.com/groups/uncagedcliniciangroup/permalink/981090589328840/,77,15,0,This is how easy it is!!!! I blindly reached out to a professional sports team and they responded in 18 MINUTES!!!! You bet your bottom dollar I‚Äôm looking to hire an ATC right now!!!! Reach out .. ...
257,thread_1676245086480050,2025-02-26T14:36:36Z,https://www.facebook.com/groups/uncagedcliniciangroup/permalink/1676245086480050/,10,48,0,"To recertify a board-specialty‚Ä¶or not? I would love some discussion from the hive mind to help me mentally work through this. I have a board specialty, and am proud of the hard work that went into ..."
258,thread_1617319249039301,2024-12-08T15:19:14Z,https://www.facebook.com/groups/uncagedcliniciangroup/permalink/1617319249039301/,14,46,0,This question comes up often here. Our health insurance is going up again this year and we pay for everything anyway bc of a high deductible. Who has switched to Healthshare and can share their exp...
259,thread_1443762189728342,2024-04-03T22:35:00Z,https://www.facebook.com/groups/uncagedcliniciangroup/permalink/1443762189728342/,80,13,0,"Do one thing differently!!! For my mobile patients‚Ä¶. Anyone that‚Äôs a senior, disabled or a veteran I run their property tax exemptions if they own their home. This person missed two exemptions for ..."
260,thread_1201941860577044,2023-03-13T20:59:37Z,https://www.facebook.com/groups/uncagedcliniciangroup/permalink/1201941860577044/,8,49,0,ISO: Best brain trauma rehab center in the north east US. (20 year old survived snowmobiling accident) currently in medically induced coma in Montreal but family on LI.
261,thread_1225030881601475,2023-04-19T11:29:31Z,https://www.facebook.com/groups/uncagedcliniciangroup/permalink/1225030881601475/,3,51,0,Is anyone using red light therapy beds in their practice? We‚Äôve had multiple inquires about it recently as there is no one in our geographical area offering it so we‚Äôve starÔøºted to research it more...
262,thread_1112723769498854,2022-11-19T23:28:28Z,https://www.facebook.com/groups/uncagedcliniciangroup/permalink/1112723769498854/,37,34,0,"Welcome to stupidity in healthcare. 147 claims (I have yet to be paid THIS YEAR) from the state telling me I forgot GP on each claim. Well that‚Äôs healthcare dollars well spent. 441 pieces of paper,..."
263,thread_1042957619808803,2022-08-29T18:48:50Z,https://www.facebook.com/groups/uncagedcliniciangroup/permalink/1042957619808803/,75,15,0,üî•I just got a pelvic floor referral from a large OB/Gyn practice. The pressure is real! I need to do extremely well with this patient. After taking multiple pelvic rehab courses I‚Äôve been unable to...
264,thread_1705217130249512,2025-04-02T04:27:20Z,https://www.facebook.com/groups/uncagedcliniciangroup/permalink/1705217130249512/,12,46,0,"Hello, everyone! Looking for help! DPT and first time mom here! I‚Äôm in the middle of my maternity leave and the idea of having to go back to work and leave my baby girl is daunting! I‚Äôve always toy..."
265,thread_1588280465276513,2024-10-29T22:15:01Z,https://www.facebook.com/groups/uncagedcliniciangroup/permalink/1588280465276513/,6,49,0,What to do on personal trainers promoting ‚Äúbalance training‚Äù for people? I feel like that is not in their scope of practice. How would you all combat this? Their website is basically promoting phys...
266,thread_1357648075006421,2023-11-18T13:29:40Z,https://www.facebook.com/groups/uncagedcliniciangroup/permalink/1357648075006421/,36,34,0,Does any unicorn in this group know if animal-assisted therapy under the supervision of a physical therapist is a covered service under medicare? From what I‚Äôve read it seems like it‚Äôs not but skil...
267,thread_1335067047264524,2023-10-12T23:06:42Z,https://www.facebook.com/groups/uncagedcliniciangroup/permalink/1335067047264524/,10,47,0,Any ideas for ‚Äúparallel bars‚Äù for mobile PT
268,thread_1220692978701932,2023-04-12T19:32:39Z,https://www.facebook.com/groups/uncagedcliniciangroup/permalink/1220692978701932/,4,50,0,Looking for any clinicians who specialize in concussions and/or have online resources! . I was recently introduced to a 30 y/o male who has sustained multiple concussions and is looking for further...
269,thread_1021071538664078,2022-07-29T22:21:37Z,https://www.facebook.com/groups/uncagedcliniciangroup/permalink/1021071538664078/,76,14,0,"Don't know who needs to hear this but as a reminder, your business should work for you not the other way around. We use the wrong metrics to determine whether we're successful. revenue each month, ..."
270,thread_1406847916753103,2024-02-05T14:10:56Z,https://www.facebook.com/groups/uncagedcliniciangroup/permalink/1406847916753103/,15,44,0,"For anyone out there who started with mobile PT and then switched to a gym/clinic model, would you be willing to chat with me privately? I am looking into doing this but I am nervous and would love..."
271,thread_1315553969215832,2023-09-11T15:50:11Z,https://www.facebook.com/groups/uncagedcliniciangroup/permalink/1315553969215832/,15,44,0,"As promised: here‚Äôs what United healthcare is offering my husband through his company that he works for. This is sickening. It‚Äôs why we DO NOT have insurance, and it‚Äôs why I DO NOT accept insurance..."
272,thread_1294716371299592,2023-08-06T22:46:12Z,https://www.facebook.com/groups/uncagedcliniciangroup/permalink/1294716371299592/,73,15,0,Back to school means teachers and PTOs looking for lots of supplies and other stuff. I spent about $40 and a movie worth of time putting labels on 400 bags that I donated to my kids school for thei...
273,thread_1804909990280225,2025-08-01T18:46:36Z,https://www.facebook.com/groups/uncagedcliniciangroup/permalink/1804909990280225/,50,26,0,Attending a family funeral today. Kick It Up a Notch will resume next week
274,thread_1754006998703858,2025-05-31T12:35:42Z,https://www.facebook.com/groups/uncagedcliniciangroup/permalink/1754006998703858/,32,35,0,HAPPY BIRTHDAY David Bayliff!!!
275,thread_1405652850205943,2024-02-03T18:13:53Z,https://www.facebook.com/groups/uncagedcliniciangroup/permalink/1405652850205943/,54,24,0,Good times! When Captain David Bayliff was a heartthrob sensation in Asia! üòÅüòÅüòÅ
276,thread_1115061602598404,2022-11-23T02:36:46Z,https://www.facebook.com/groups/uncagedcliniciangroup/permalink/1115061602598404/,4,49,0,"Home health/Mobile Neuro PTs, what are your must have equipments (besides from typical weights, TB, ankle weight etc) and something that surprisingly innovative and useful. I‚Äôm starting a mobile bu..."
277,thread_1086425768795321,2022-10-20T12:14:47Z,https://www.facebook.com/groups/uncagedcliniciangroup/permalink/1086425768795321/,4,49,0,"For the folks in mobile med b and cash only mobile practice, do you plan on adding some insurances to fill your case load‚Ä¶do any other insurance reimburse for mobile services other than med B or ha..."
278,thread_1158442771593620,2023-01-13T23:30:23Z,https://www.facebook.com/groups/uncagedcliniciangroup/permalink/1158442771593620/,29,36,0,POSSIBLE Tax Write-Offs‚Ä¶ But always check with your tax advisor!
279,thread_1902693640501859,2025-11-19T22:31:19Z,https://www.facebook.com/groups/uncagedcliniciangroup/permalink/1902693640501859/,6,47,0,"What are people using for HIPAA compliant phone/texting systems? We currently are using Google voice, but definitely are growing out of it and need a more comprehensive and better system. I did a d..."
280,thread_1692694371501788,2025-03-18T17:42:26Z,https://www.facebook.com/groups/uncagedcliniciangroup/permalink/1692694371501788/,18,41,0,I just want to get this off my chest about Medbridge. Since HEP2GO died I've been looking for a better HEP software. I want to use Medbridge's HEP suite with all the bells and whistles that comes a...
281,thread_1550290205742206,2024-09-10T22:05:33Z,https://www.facebook.com/groups/uncagedcliniciangroup/permalink/1550290205742206/,64,18,0,Future PT or OT for sure! Maybe I can hire him at a good rate. I especially love his hand placements and I‚Äôm sure the patients will too! ü§£ https://www.facebook.com/share/r/23j88Vxeb4nHUXKS/?mibexti...
282,thread_1487358432035384,2024-06-09T08:41:54Z,https://www.facebook.com/groups/uncagedcliniciangroup/permalink/1487358432035384/,8,46,0,How are private practice owners actually using AI?
283,thread_1472314263539801,2024-05-17T13:33:02Z,https://www.facebook.com/groups/uncagedcliniciangroup/permalink/1472314263539801/,90,5,0,I thought people here would like this one.
284,thread_1464475524323675,2024-05-05T21:34:20Z,https://www.facebook.com/groups/uncagedcliniciangroup/permalink/1464475524323675/,2,49,0,Best quality tape for kinesiotaping? I‚Äôve gotten 2 that I don‚Äôt love
285,thread_1458324314938796,2024-04-26T14:31:51Z,https://www.facebook.com/groups/uncagedcliniciangroup/permalink/1458324314938796/,6,47,0,Does anyone send their patients videos of home exercises? Looking for a way to do this that is HIPAA compliant
286,thread_1348295372608358,2023-11-03T02:16:33Z,https://www.facebook.com/groups/uncagedcliniciangroup/permalink/1348295372608358/,4,48,0,"I had someone want to pay for wellness services with a HSA debit card. I told her, um, I don't think you can use that for what you are doing with me. She said she uses it for everything, massages, ..."
287,thread_1264811114290118,2023-06-18T22:40:20Z,https://www.facebook.com/groups/uncagedcliniciangroup/permalink/1264811114290118/,4,48,0,I‚Äôm reading Profit First and was wondering if anyone Is doing this method? What do you think? What bank do you use? I‚Äôm using OZK right now for my biz as it is a bit more local. I‚Äôm also at a cross...
288,thread_1183066749131222,2023-02-15T12:43:39Z,https://www.facebook.com/groups/uncagedcliniciangroup/permalink/1183066749131222/,6,47,0,"Can we talk social media? Have you found social media presence to be a big boost to your business, and if so, which platform has worked best for you? I'm toying with the idea of really increasing m..."
289,thread_1406378090133419,2024-02-04T19:42:36Z,https://www.facebook.com/groups/uncagedcliniciangroup/permalink/1406378090133419/,11,44,0,Who is doing a membership plan with clients and what are you doing?
290,thread_1281364225968140,2023-07-15T00:57:01Z,https://www.facebook.com/groups/uncagedcliniciangroup/permalink/1281364225968140/,83,8,0,Just wanted to share a win today and some encouragement! I got my first referral today from someone I don‚Äôt know! ü•∞ It goes to show how planting all of the seeds really works and it‚Äôs just a matter...
291,thread_1252030648901498,2023-05-30T21:01:08Z,https://www.facebook.com/groups/uncagedcliniciangroup/permalink/1252030648901498/,51,24,0,"Hey! Based on some convos I've had with people in this group, I put together a beginner's guide on putting together an email list Considering the return on investment of an email list is an upwards..."
292,thread_998977080873524,2022-06-29T00:17:01Z,https://www.facebook.com/groups/uncagedcliniciangroup/permalink/998977080873524/,13,43,0,"Join me as I host special guest, Angie Moody, CEO of Ruby Money. She is going to help you to find the Easy Button on your taxes!! I'm going live using StreamYard! Before leaving a comment, please g..."
293,thread_1571995686904991,2024-10-08T22:40:30Z,https://www.facebook.com/groups/uncagedcliniciangroup/permalink/1571995686904991/,80,9,0,
294,thread_1372923573478871,2023-12-14T15:16:53Z,https://www.facebook.com/groups/uncagedcliniciangroup/permalink/1372923573478871/,30,34,0,"Physical therapists treating Medicare beneficiaries for cash using the ‚Äúwe have no relationship with Medicare‚Äù thought process is like saying, ‚ÄúI don‚Äôt pay taxes because I have no relationship with..."
295,thread_1355247135246515,2023-11-14T19:39:46Z,https://www.facebook.com/groups/uncagedcliniciangroup/permalink/1355247135246515/,66,16,0,"Hey everybody! Are you living in the Raleigh, NC area or willing to relocate? Our company, P4S Golf, is currently hiring a Physical Therapist for our cash-based Golf Performance and Rehab clinic in..."
296,thread_1307030100068219,2023-08-28T00:46:42Z,https://www.facebook.com/groups/uncagedcliniciangroup/permalink/1307030100068219/,30,34,0,"Do you love treating dancers? Then please help populate my totally free (and ultra-basic) directory of dance health providers! Please go to the website, scroll down, select ‚ÄúI‚Äôm a Provider,‚Äù and fi..."
297,thread_1243343943103502,2023-05-17T12:16:00Z,https://www.facebook.com/groups/uncagedcliniciangroup/permalink/1243343943103502/,2,48,0,"Anyone have ideas of what the left lower leg indentation might be? Looks like atrophy, but not positive. Also not sure what may be causing it."
298,thread_1185533495551214,2023-02-18T18:06:35Z,https://www.facebook.com/groups/uncagedcliniciangroup/permalink/1185533495551214/,4,47,0,Medicare/Cash Based Question! **I tried searching through previous questions and haven't quite figured out my answer.** I have a side cash-based only mobile PT clinic (my main business is animal PT...
299,thread_1369030353868193,2023-12-08T02:37:11Z,https://www.facebook.com/groups/uncagedcliniciangroup/permalink/1369030353868193/,3,47,0,"Hello! I'd love your input. I launched my practice five months ago, but I'm struggling to gain traction. I've partnered with a marketer who holds an extensive lead list in my local area, boasting 2..."
300,thread_1343342316436997,2023-10-25T18:56:53Z,https://www.facebook.com/groups/uncagedcliniciangroup/permalink/1343342316436997/,83,7,0,"A client just told me he hired a companion to help him with taking him to the appointments, barber, help with food shopping/dog walking and being there with what ever he needed at $75/hour. And the..."
